-- phpMyAdmin SQL Dump
-- version 5.0.2
-- https://www.phpmyadmin.net/
--
-- Host: 127.0.0.1
-- Generation Time: Mar 31, 2021 at 06:11 AM
-- Server version: 10.4.11-MariaDB
-- PHP Version: 7.4.5

SET SQL_MODE = "NO_AUTO_VALUE_ON_ZERO";
START TRANSACTION;
SET time_zone = "+00:00";


/*!40101 SET @OLD_CHARACTER_SET_CLIENT=@@CHARACTER_SET_CLIENT */;
/*!40101 SET @OLD_CHARACTER_SET_RESULTS=@@CHARACTER_SET_RESULTS */;
/*!40101 SET @OLD_COLLATION_CONNECTION=@@COLLATION_CONNECTION */;
/*!40101 SET NAMES utf8mb4 */;

--
-- Database: `ecom_store`
--

-- --------------------------------------------------------

--
-- Table structure for table `about_us`
--

CREATE TABLE `about_us` (
  `about_id` int(10) NOT NULL,
  `about_heading` text NOT NULL,
  `about_short_desc` text NOT NULL,
  `about_desc` text NOT NULL
) ENGINE=InnoDB DEFAULT CHARSET=latin1;

--
-- Dumping data for table `about_us`
--

INSERT INTO `about_us` (`about_id`, `about_heading`, `about_short_desc`, `about_desc`) VALUES
(1, 'About Us - Our Story', '\r\nIt is a long established fact that a reader will be distracted by the readable content of a page when looking at its layout. The point of using Lorem Ipsum is that it has a more-or-less normal distribution of letters,\r\n', 'Rhone was the collective vision of a small group of weekday warriors. For years, we were frustrated by the lack of activewear designed for men and wanted something better. With that in mind, we set out to design premium apparel that is made for motion and engineered to endure.\r\n\r\nAdvanced materials and state of the art technology are combined with heritage craftsmanship to create a new standard in activewear. Every product tells a story of premium performance, reminding its wearer to push themselves physically without having to sacrifice comfort and style.\r\n\r\nBeyond our product offering, Rhone is founded on principles of progress and integrity. Just as we aim to become better as a company, we invite men everywhere to raise the bar and join us as we move Forever Forward.');

-- --------------------------------------------------------

--
-- Table structure for table `admins`
--

CREATE TABLE `admins` (
  `admin_id` int(10) NOT NULL,
  `admin_name` varchar(255) NOT NULL,
  `admin_email` varchar(255) NOT NULL,
  `admin_pass` varchar(255) NOT NULL,
  `admin_image` text NOT NULL,
  `admin_contact` varchar(255) NOT NULL,
  `admin_country` text NOT NULL,
  `admin_job` varchar(255) NOT NULL,
  `admin_about` text NOT NULL
) ENGINE=InnoDB DEFAULT CHARSET=latin1;

--
-- Dumping data for table `admins`
--

INSERT INTO `admins` (`admin_id`, `admin_name`, `admin_email`, `admin_pass`, `admin_image`, `admin_contact`, `admin_country`, `admin_job`, `admin_about`) VALUES
(4, 'Premium Gold Co.', 'admin@pgc.com', '$2y$10$D.EnodWP01x2iaRWAoh39.W8tYOL0xhvr/tl7efaL1B9cefKwJjRm', 'PGLogoBlack.png', '09777573913', 'Philippines', 'CEO, Owner', ' CEO of Premium Gold co. ');

-- --------------------------------------------------------

--
-- Table structure for table `bundle_product_relation`
--

CREATE TABLE `bundle_product_relation` (
  `rel_id` int(10) NOT NULL,
  `rel_title` varchar(255) NOT NULL,
  `product_id` int(10) NOT NULL,
  `bundle_id` int(10) NOT NULL
) ENGINE=InnoDB DEFAULT CHARSET=latin1;

--
-- Dumping data for table `bundle_product_relation`
--

INSERT INTO `bundle_product_relation` (`rel_id`, `rel_title`, `product_id`, `bundle_id`) VALUES
(8, 'jacket bundle relation -1', 4, 11),
(9, 'jacket bundle relation -2', 5, 11),
(10, 'jacket bundle relation -3', 6, 11);

-- --------------------------------------------------------

--
-- Table structure for table `cart`
--

CREATE TABLE `cart` (
  `p_id` int(10) NOT NULL,
  `ip_add` varchar(255) NOT NULL,
  `qty` int(10) NOT NULL,
  `p_price` varchar(255) NOT NULL,
  `size` text NOT NULL
) ENGINE=InnoDB DEFAULT CHARSET=latin1;

--
-- Dumping data for table `cart`
--

INSERT INTO `cart` (`p_id`, `ip_add`, `qty`, `p_price`, `size`) VALUES
(9, '::1', 1, '50', '');

-- --------------------------------------------------------

--
-- Table structure for table `categories`
--

CREATE TABLE `categories` (
  `cat_id` int(10) NOT NULL,
  `cat_title` text NOT NULL,
  `cat_top` text NOT NULL,
  `cat_image` text NOT NULL
) ENGINE=InnoDB DEFAULT CHARSET=latin1;

--
-- Dumping data for table `categories`
--

INSERT INTO `categories` (`cat_id`, `cat_title`, `cat_top`, `cat_image`) VALUES
(2, 'Cute', 'no', 'versace medusa.jpg'),
(3, 'Group 4', 'no', 'versace medusa.jpg'),
(4, '3ITB', 'yes', 'versace medusa.jpg'),
(5, 'Mondragon Walang Ambag', 'yes', 'versace medusa.jpg');

-- --------------------------------------------------------

--
-- Table structure for table `contact_us`
--

CREATE TABLE `contact_us` (
  `contact_id` int(10) NOT NULL,
  `contact_email` text NOT NULL,
  `contact_heading` text NOT NULL,
  `contact_desc` text NOT NULL
) ENGINE=InnoDB DEFAULT CHARSET=latin1;

--
-- Dumping data for table `contact_us`
--

INSERT INTO `contact_us` (`contact_id`, `contact_email`, `contact_heading`, `contact_desc`) VALUES
(1, 'dejesusjohnmichael70@gmail.com', 'Contact  To Us', 'If you have any questions, please feel free to contact us, our customer service center is working for you 24/7.');

-- --------------------------------------------------------

--
-- Table structure for table `coupons`
--

CREATE TABLE `coupons` (
  `coupon_id` int(10) NOT NULL,
  `product_id` int(10) NOT NULL,
  `coupon_title` varchar(255) NOT NULL,
  `coupon_price` varchar(255) NOT NULL,
  `coupon_code` varchar(255) NOT NULL,
  `coupon_limit` int(100) NOT NULL,
  `coupon_used` int(100) NOT NULL
) ENGINE=InnoDB DEFAULT CHARSET=latin1;

--
-- Dumping data for table `coupons`
--

INSERT INTO `coupons` (`coupon_id`, `product_id`, `coupon_title`, `coupon_price`, `coupon_code`, `coupon_limit`, `coupon_used`) VALUES
(3, 9, 'Remind T-shirt', '40', '333444', 5, 5);

-- --------------------------------------------------------

--
-- Table structure for table `customers`
--

CREATE TABLE `customers` (
  `customer_id` int(10) NOT NULL,
  `customer_name` varchar(255) NOT NULL,
  `customer_email` varchar(255) NOT NULL,
  `customer_pass` varchar(255) NOT NULL,
  `customer_country` text NOT NULL,
  `customer_city` text NOT NULL,
  `customer_contact` varchar(255) NOT NULL,
  `customer_address` text NOT NULL,
  `customer_image` text NOT NULL,
  `customer_ip` varchar(255) NOT NULL,
  `customer_confirm_code` text NOT NULL
) ENGINE=InnoDB DEFAULT CHARSET=latin1;

--
-- Dumping data for table `customers`
--

INSERT INTO `customers` (`customer_id`, `customer_name`, `customer_email`, `customer_pass`, `customer_country`, `customer_city`, `customer_contact`, `customer_address`, `customer_image`, `customer_ip`, `customer_confirm_code`) VALUES
(19, 'Michael', 'test1@gmail.com', '$2y$10$1KEKT7D1LdWc9WzO6m2KpeFm/op3jO2Y.Ejsy1ggSCrrfrJzytP72', 'Philippines', 'Cavite', '09777573913', 'Villa Alegre', '', '::1', '560151872'),
(23, 'Michael', 'dejesusjohnmichael70@gmail.com', '$2y$10$1wB7RJMqmxIEyBpgFCyBBeE1USqBZTt2fz4nsuQFib6fLniiRBYWa', 'Philippines', 'Cavite', '09777573913', 'Villa Alegre', '', '::1', ''),
(24, 'Michael', 'adrian.agustin2002@gmail.com', '$2y$10$fGIFLs0kdW3CKMuH0MjAVOjACdMdCSgYi9cyhImbQuOmTaKlxFELu', 'Philippines', 'Cavite', '09777573913', 'Villa Alegre', '', '::1', '357652668');

-- --------------------------------------------------------

--
-- Table structure for table `customer_orders`
--

CREATE TABLE `customer_orders` (
  `order_id` int(10) NOT NULL,
  `customer_id` int(10) NOT NULL,
  `due_amount` int(100) NOT NULL,
  `invoice_no` int(100) NOT NULL,
  `qty` int(10) NOT NULL,
  `size` text NOT NULL,
  `order_date` timestamp NOT NULL DEFAULT current_timestamp() ON UPDATE current_timestamp(),
  `order_status` text NOT NULL
) ENGINE=InnoDB DEFAULT CHARSET=latin1;

--
-- Dumping data for table `customer_orders`
--

INSERT INTO `customer_orders` (`order_id`, `customer_id`, `due_amount`, `invoice_no`, `qty`, `size`, `order_date`, `order_status`) VALUES
(34, 23, 45, 174723494, 1, 'Small', '2021-03-28 05:29:28', 'Complete'),
(35, 23, 50, 1246008407, 1, 'Small', '2021-03-28 09:52:22', 'pending'),
(36, 19, 100, 310258834, 2, 'Small', '2021-03-28 09:56:35', 'pending'),
(37, 19, 45, 1866120329, 1, 'Small', '2021-03-28 09:58:28', 'pending'),
(38, 23, 34000, 911732934, 1, 'Small', '2021-03-28 10:02:03', 'pending'),
(39, 23, 100, 2061414548, 1, 'Small', '2021-03-28 10:12:33', 'pending'),
(40, 23, 34000, 129940503, 1, 'Small', '2021-03-28 10:27:37', 'pending'),
(41, 23, 34000, 698085224, 1, 'Small', '2021-03-28 10:35:30', 'pending'),
(42, 23, 0, 511269976, 0, 'Select a Size', '2021-03-29 12:32:33', 'pending'),
(43, 23, 0, 1247957975, 0, 'Select a Size', '2021-03-29 12:34:04', 'pending');

-- --------------------------------------------------------

--
-- Table structure for table `enquiry_types`
--

CREATE TABLE `enquiry_types` (
  `enquiry_id` int(10) NOT NULL,
  `enquiry_title` varchar(255) NOT NULL
) ENGINE=InnoDB DEFAULT CHARSET=latin1;

--
-- Dumping data for table `enquiry_types`
--

INSERT INTO `enquiry_types` (`enquiry_id`, `enquiry_title`) VALUES
(1, 'Order and Delivery Support'),
(2, 'Technical Support'),
(3, 'Price Concern');

-- --------------------------------------------------------

--
-- Table structure for table `manufacturers`
--

CREATE TABLE `manufacturers` (
  `manufacturer_id` int(10) NOT NULL,
  `manufacturer_title` text NOT NULL,
  `manufacturer_top` text NOT NULL,
  `manufacturer_image` text NOT NULL
) ENGINE=InnoDB DEFAULT CHARSET=latin1;

--
-- Dumping data for table `manufacturers`
--

INSERT INTO `manufacturers` (`manufacturer_id`, `manufacturer_title`, `manufacturer_top`, `manufacturer_image`) VALUES
(2, 'Dold Gigger', 'no', 'image2.jpg'),
(6, 'Premium Gold Co', 'yes', 'akshay-kumar.jpg');

-- --------------------------------------------------------

--
-- Table structure for table `payments`
--

CREATE TABLE `payments` (
  `payment_id` int(10) NOT NULL,
  `invoice_no` int(10) NOT NULL,
  `amount` int(10) NOT NULL,
  `payment_mode` text NOT NULL,
  `ref_no` int(10) NOT NULL,
  `code` int(10) NOT NULL,
  `payment_date` text NOT NULL
) ENGINE=InnoDB DEFAULT CHARSET=latin1;

--
-- Dumping data for table `payments`
--

INSERT INTO `payments` (`payment_id`, `invoice_no`, `amount`, `payment_mode`, `ref_no`, `code`, `payment_date`) VALUES
(9, 12312312, 123123, 'Bank Code', 12312312, 333444, '01-31-2021'),
(10, 12312312, 45, 'Bank Code', 1234124174, 333444, '01-31-2021');

-- --------------------------------------------------------

--
-- Table structure for table `pending_orders`
--

CREATE TABLE `pending_orders` (
  `order_id` int(10) NOT NULL,
  `customer_id` int(10) NOT NULL,
  `invoice_no` int(10) NOT NULL,
  `product_id` text NOT NULL,
  `qty` int(10) NOT NULL,
  `size` text NOT NULL,
  `order_status` text NOT NULL
) ENGINE=InnoDB DEFAULT CHARSET=latin1;

--
-- Dumping data for table `pending_orders`
--

INSERT INTO `pending_orders` (`order_id`, `customer_id`, `invoice_no`, `product_id`, `qty`, `size`, `order_status`) VALUES
(35, 23, 1246008407, '9', 1, 'Small', 'pending'),
(36, 19, 310258834, '9', 2, 'Small', 'pending'),
(39, 23, 2061414548, '8', 1, 'Small', 'pending');

-- --------------------------------------------------------

--
-- Table structure for table `products`
--

CREATE TABLE `products` (
  `product_id` int(10) NOT NULL,
  `p_cat_id` int(10) NOT NULL,
  `cat_id` int(10) NOT NULL,
  `manufacturer_id` int(10) NOT NULL,
  `date` timestamp NOT NULL DEFAULT current_timestamp() ON UPDATE current_timestamp(),
  `product_title` text NOT NULL,
  `product_url` text NOT NULL,
  `product_img1` text NOT NULL,
  `product_img2` text NOT NULL,
  `product_img3` text NOT NULL,
  `product_price` int(10) NOT NULL,
  `product_psp_price` int(100) NOT NULL,
  `product_desc` text NOT NULL,
  `product_features` text NOT NULL,
  `product_video` text NOT NULL,
  `product_keywords` text NOT NULL,
  `product_label` text NOT NULL,
  `status` varchar(255) NOT NULL
) ENGINE=InnoDB DEFAULT CHARSET=latin1;

--
-- Dumping data for table `products`
--

INSERT INTO `products` (`product_id`, `p_cat_id`, `cat_id`, `manufacturer_id`, `date`, `product_title`, `product_url`, `product_img1`, `product_img2`, `product_img3`, `product_price`, `product_psp_price`, `product_desc`, `product_features`, `product_video`, `product_keywords`, `product_label`, `status`) VALUES
(2, 5, 3, 2, '2021-03-29 11:10:15', 'Diane Best Girl', 'product-url-2', 'tuss.jpg', 'versace medusa.jpg', 'versace medusa.jpg', 69, 45, '<p>Integer tristique dictum sapien et lacinia. Pellentesque habitant morbi tristique senectus et netus et malesuada fames ac turpis egestas. Sed sed imperdiet magna, at rhoncus arcu. Cras tincidunt felis eu vehicula consequat. Proin vel gravida quam. In tincidunt aliquam nisl. Sed velit erat, aliquam sit amet metus eget, molestie auctor nulla.</p>', '<p>It is a long established fact that a reader will be distracted by the readable content of a page when looking at its layout. The point of using Lorem Ipsum is that it has a more-or-less normal distribution of letters,</p>', '\r\n\r\n\r\n\r\n<iframe width=\"854\" height=\"480\" src=\"https://www.youtube.com/embed/qRswlmADRa8\" frameborder=\"0\" allowfullscreen></iframe>\r\n\r\n\r\n\r\n', 'T-Shirt', '', 'product'),
(3, 5, 3, 6, '2021-02-02 12:36:47', 'Diane Best Girl', 'product-url-3', 'tuss.jpg', 'United-Colors-of-Benetton-White-Polo-Shirt-0608-0914361-2-pdp_slider_l.jpg', 'United-Colors-of-Benetton-White-Polo-Shirt-0609-0914361-3-pdp_slider_l.jpg', 98, 0, '<p>Integer tristique dictum sapien et lacinia. Pellentesque habitant morbi tristique senectus et netus et malesuada fames ac turpis egestas. Sed sed imperdiet magna, at rhoncus arcu. Cras tincidunt felis eu vehicula consequat. Proin vel gravida quam. In tincidunt aliquam nisl. Sed velit erat, aliquam sit amet metus eget, molestie auctor nulla</p>', '<p>It is a long established fact that a reader will be distracted by the readable content of a page when looking at its layout. The point of using Lorem Ipsum is that it has a more-or-less normal distribution of letters,</p>', '\r\n\r\n\r\n\r\n\r\n<iframe width=\"854\" height=\"480\" src=\"https://www.youtube.com/embed/qRswlmADRa8\" frameborder=\"0\" allowfullscreen></iframe>\r\n\r\n\r\n\r\n\r\n', 'T-Shirt', 'New', 'product'),
(8, 4, 2, 2, '2021-01-31 13:58:55', 'Pierre Malakas', 'product-url-8', 'tuss.jpg', '2.jpg', '3.jpg', 245, 100, '<p>Integer tristique dictum sapien et lacinia. Pellentesque habitant morbi tristique senectus et netus et malesuada fames ac turpis egestas. Sed sed imperdiet magna, at rhoncus arcu. Cras tincidunt felis eu vehicula consequat. Proin vel gravida quam. In tincidunt aliquam nisl. Sed velit erat, aliquam sit amet metus eget, molestie auctor nulla.Integer tristique dictum sapien et lacinia. Pellentesque habitant morbi tristique senectus et netus et malesuada fames ac turpis egestas. Sed sed imperdiet magna, at rhoncus arcu. Cras tincidunt felis eu vehicula consequat. Proin vel gravida quam. In tincidunt aliquam nisl. Sed velit erat, aliquam sit amet metus eget, molestie auctor nulla.</p>', '<p>It is a long established fact that a reader will be distracted by the readable content of a page when looking at its layout. The point of using Lorem Ipsum is that it has a more-or-less normal distribution of letters,</p>', '\r\n\r\n\r\n\r\n<iframe width=\"854\" height=\"480\" src=\"https://www.youtube.com/embed/qRswlmADRa8\" frameborder=\"0\" allowfullscreen></iframe>\r\n\r\n\r\n\r\n', 'Coats', 'Gift', 'product'),
(9, 5, 4, 2, '2021-03-20 15:20:33', 'Versace Medusa', 'product-url-9', 'tuss.jpg', 'cuban chain.JPG', 'cuban chain.JPG', 50, 0, '<p>Integer tristique dictum sapien et lacinia. Pellentesque habitant morbi tristique senectus et netus et malesuada fames ac turpis egestas. Sed sed imperdiet magna, at rhoncus arcu. Cras tincidunt felis eu vehicula consequat. Proin vel gravida quam. In tincidunt aliquam nisl. Sed velit erat, aliquam sit amet metus eget, molestie auctor nulla.Integer tristique dictum sapien et lacinia.</p>\r\n<p>Pellentesque habitant morbi tristique senectus et netus et malesuada fames ac turpis egestas. Sed sed imperdiet magna, at rhoncus arcu. Cras tincidunt felis eu vehicula consequat. Proin vel gravida quam. In tincidunt aliquam nisl. Sed velit erat, aliquam sit amet metus eget, molestie auctor nulla.</p>', '<p>It is a long established fact that a reader will be distracted by the readable content of a page when looking at its layout. The point of using Lorem Ipsum is that it has a more-or-less normal distribution of letters,</p>', '\r\n\r\n\r\n\r\n<iframe width=\"854\" height=\"480\" src=\"https://www.youtube.com/embed/qRswlmADRa8\" frameborder=\"0\" allowfullscreen></iframe>\r\n\r\n\r\n\r\n', 'T-Shirt', 'New', 'product'),
(13, 4, 4, 2, '2021-03-29 12:50:28', 'Versace Gold', 'versace-gold-12', 'CHAIN1 1.png', 'cuban chain 1.png', '32468A28-7EF2-4CC7-978D-BE50034068A3 1.png', 34000, 25000, '<p>aaa</p>', '<p>aaa</p>', '\r\n\r\n\r\n\r\n\r\n\r\n\r\n\r\n\r\n\r\n\r\n\r\n\r\n\r\n\r\n\r\n\r\n\r\n\r\n\r\n', 'Gold', 'aaa', 'rings'),
(23, 7, 0, 0, '2021-03-30 10:33:47', 'Tuss Gold', 'test-product-1', '1.jpg', '2.jpg', '3.jpg', 34000, 25000, '<p>asdasd</p>', '<p>asdasd</p>', '\r\n\r\n\r\n\r\n\r\n\r\n\r\n\r\n\r\n\r\n\r\n\r\n', '', 'Sale', 'chains');

-- --------------------------------------------------------

--
-- Table structure for table `product_categories`
--

CREATE TABLE `product_categories` (
  `p_cat_id` int(10) NOT NULL,
  `p_cat_title` text NOT NULL,
  `p_cat_top` text NOT NULL,
  `p_cat_image` text NOT NULL,
  `p_cat_url` text NOT NULL,
  `p_cat_title_image` text NOT NULL
) ENGINE=InnoDB DEFAULT CHARSET=latin1;

--
-- Dumping data for table `product_categories`
--

INSERT INTO `product_categories` (`p_cat_id`, `p_cat_title`, `p_cat_top`, `p_cat_image`, `p_cat_url`, `p_cat_title_image`) VALUES
(4, 'Rings', 'no', 'CATALOGrings 1.png', 'p-cat-2', 'RINGS.png'),
(5, 'Bracelets', 'no', 'CATALOGbracelet_1 1.png', 'p-cat-3', 'BRACELETS.png'),
(6, 'Pendants', 'no', 'IMG_7437 2.png', 'p-cat-4', 'PENDANTS.png'),
(7, 'Chains', 'yes', 'CATALOGchains 1.png', 'p-cat-5', 'CHAINS.png');

-- --------------------------------------------------------

--
-- Table structure for table `reviews`
--

CREATE TABLE `reviews` (
  `id` int(11) NOT NULL,
  `page_id` int(11) NOT NULL,
  `name` varchar(255) NOT NULL,
  `content` text NOT NULL,
  `rating` tinyint(1) NOT NULL,
  `submit_date` datetime NOT NULL DEFAULT current_timestamp(),
  `approved` int(11) NOT NULL
) ENGINE=InnoDB DEFAULT CHARSET=utf8;

--
-- Dumping data for table `reviews`
--

INSERT INTO `reviews` (`id`, `page_id`, `name`, `content`, `rating`, `submit_date`, `approved`) VALUES
(1, 1, 'David Deacon', 'I use this website daily, the amount of content is brilliant.', 5, '2020-01-09 20:43:02', 0),
(3, 1, 'Robert Billings', 'Website needs more content, good website but content is lacking.', 3, '2020-01-09 21:10:16', 0),
(4, 1, 'Daniel Callaghan', 'Great!', 5, '2020-01-09 23:51:05', 0),
(5, 1, 'Bobby', 'Not much content.', 2, '2020-01-14 21:54:24', 0),
(6, 1, 'Joshua Kennedy', 'Fantasic website, has everything I need to know.', 5, '2020-01-16 17:34:27', 0),
(7, 1, 'Johannes Hansen', 'Really like this website, helps me out a lot!', 5, '2020-01-16 17:35:12', 0),
(8, 1, 'Wit Kwiatkowski', 'Please provide more quality content.', 5, '2020-01-16 17:36:03', 0),
(9, 1, 'Óli Þórðarson', 'Thanks', 5, '2020-01-16 17:36:34', 0),
(10, 1, 'Jaroslava Beránková', '', 5, '2020-01-16 17:37:48', 0),
(11, 1, 'Naomi Holt', 'Appreciate the amount of content you guys do.', 5, '2020-01-16 17:39:17', 0),
(12, 1, 'Isobel Whitehead', 'Thank you for providing a website that helps us out a lot!', 5, '2020-01-16 17:40:28', 0),
(15, 1, 'Michael', 'Nice necklace', 5, '2021-03-30 17:21:57', 1);

-- --------------------------------------------------------

--
-- Table structure for table `store`
--

CREATE TABLE `store` (
  `feedback_id` int(10) NOT NULL,
  `feedback_title` varchar(255) NOT NULL,
  `feedback_image` varchar(255) NOT NULL,
  `feedback_desc` text NOT NULL,
  `feedback_button` varchar(255) NOT NULL,
  `feedback_url` varchar(255) NOT NULL
) ENGINE=InnoDB DEFAULT CHARSET=latin1;

--
-- Dumping data for table `store`
--

INSERT INTO `store` (`feedback_id`, `feedback_title`, `feedback_image`, `feedback_desc`, `feedback_button`, `feedback_url`) VALUES
(4, 'CJ Perez', 'IMG_3317.jpg', '<p>Lorem ipsum dolor sit amet, consectetur adipiscing elit. Ut libero erat, aliquet eget mauris ut, dictum sagittis libero. Nam at dui dapibus, semper dolor ac, malesuada mi. Duis quis lobortis arcu. Vivamus sed sodales orci, non varius dolor.</p>', 'View Review', 'http://www.thedailylux.com/ecommerce'),
(9, 'Beda Lions', 'IMG_7437 2.png', '<p>Lorem ipsum dolor sit amet, quo graeco scripserit consectetuer et, alterum persequeris instructior est no. Ex pro wisi ancillae salutatus, ad atqui fastidii expetenda sit. Iisque accumsan electram ex eum, pri te simul vulputate, porro delenit vituperata ad nam. Mea ex partem convenire principes, et ius audiam elaboraret. His ne stet accumsan.</p>\r\n<p>&nbsp;</p>', '', '');

-- --------------------------------------------------------

--
-- Table structure for table `terms`
--

CREATE TABLE `terms` (
  `term_id` int(10) NOT NULL,
  `term_title` varchar(100) NOT NULL,
  `term_link` varchar(100) NOT NULL,
  `term_desc` text NOT NULL
) ENGINE=InnoDB DEFAULT CHARSET=latin1;

--
-- Dumping data for table `terms`
--

INSERT INTO `terms` (`term_id`, `term_title`, `term_link`, `term_desc`) VALUES
(1, 'Rules And Regulations', 'rules', '<p>Contrary to popular belief, Lorem Ipsum is not simply random text. It has roots in a piece of classical Latin literature from 45 BC, making it over 2000 years old. Richard McClintock, a Latin professor at Hampden-Sydney College in Virginia, looked up one of the more obscure Latin words, consectetur, from a Lorem Ipsum passage, and going through the cites of the word in classical literature, discovered the undoubtable source. Lorem Ipsum comes from sections 1.10.32 and 1.10.33 of \"de Finibus Bonorum et Malorum\" (The Extremes of Good and Evil) by Cicero, written in 45 BC. This book is a treatise on the theory of ethics, very popular during the Renaissance.&nbsp;</p>'),
(2, 'Refund Policy', 'link2', 'It is a long established fact that a reader will be distracted by the readable content of a page when looking at its layout. The point of using Lorem Ipsum is that it has a more-or-less normal distribution of letters, as opposed to using \'Content here, content here\', making it look like readable English. Many desktop publishing packages and web page editors now use Lorem Ipsum as their default model text, and a search for \'lorem ipsum\' will uncover many web sites still in their infancy. Various versions have evolved over the years, sometimes by accident, sometimes on purpose (injected humour and the like).Why do we use it?It is a long established fact that a reader will be distracted by the readable content of a page when looking at its layout. The point of using Lorem Ipsum is that it has a more-or-less normal distribution of letters, as opposed to using \'Content here, content here\', making it look like readable English. Many desktop publishing packages and web page editors now use Lorem Ipsum as their default model text, and a search for \'lorem ipsum\' will uncover many web sites still in their infancy. Various versions have evolved over the years, sometimes by accident, sometimes on'),
(3, 'Pricing and Promotions Policy', 'link3', 'It is a long established fact that a reader will be distracted by the readable content of a page when looking at its layout. The point of using Lorem Ipsum is that it has a more-or-less normal distribution of letters, as opposed to using \'Content here, content here\', making it look like readable English. Many desktop publishing packages and web page editors now use Lorem Ipsum as their default model text, and a search for \'lorem ipsum\' will uncover many web sites still in their infancy. Various versions have evolved over the years, sometimes by accident, sometimes on purpose (injected humour and the like).Why do we use it?It is a long established fact that a reader will be distracted by the readable content of a page when looking at its layout. The point of using Lorem Ipsum is that it has a more-or-less normal distribution of letters, as opposed to using \'Content here, content here\', making it look like readable English. Many desktop publishing packages and web page editors now use Lorem Ipsum as their default model text, and a search for \'lorem ipsum\' will uncover many web sites still in their infancy. Various versions have evolved over the years, sometimes by accident, sometimes on');

-- --------------------------------------------------------

--
-- Table structure for table `wishlist`
--

CREATE TABLE `wishlist` (
  `wishlist_id` int(10) NOT NULL,
  `customer_id` int(10) NOT NULL,
  `product_id` int(10) NOT NULL
) ENGINE=InnoDB DEFAULT CHARSET=latin1;

--
-- Dumping data for table `wishlist`
--

INSERT INTO `wishlist` (`wishlist_id`, `customer_id`, `product_id`) VALUES
(2, 2, 8);

--
-- Indexes for dumped tables
--

--
-- Indexes for table `about_us`
--
ALTER TABLE `about_us`
  ADD PRIMARY KEY (`about_id`);

--
-- Indexes for table `admins`
--
ALTER TABLE `admins`
  ADD PRIMARY KEY (`admin_id`);

--
-- Indexes for table `bundle_product_relation`
--
ALTER TABLE `bundle_product_relation`
  ADD PRIMARY KEY (`rel_id`);

--
-- Indexes for table `cart`
--
ALTER TABLE `cart`
  ADD PRIMARY KEY (`p_id`);

--
-- Indexes for table `categories`
--
ALTER TABLE `categories`
  ADD PRIMARY KEY (`cat_id`);

--
-- Indexes for table `contact_us`
--
ALTER TABLE `contact_us`
  ADD PRIMARY KEY (`contact_id`);

--
-- Indexes for table `coupons`
--
ALTER TABLE `coupons`
  ADD PRIMARY KEY (`coupon_id`);

--
-- Indexes for table `customers`
--
ALTER TABLE `customers`
  ADD PRIMARY KEY (`customer_id`);

--
-- Indexes for table `customer_orders`
--
ALTER TABLE `customer_orders`
  ADD PRIMARY KEY (`order_id`);

--
-- Indexes for table `enquiry_types`
--
ALTER TABLE `enquiry_types`
  ADD PRIMARY KEY (`enquiry_id`);

--
-- Indexes for table `manufacturers`
--
ALTER TABLE `manufacturers`
  ADD PRIMARY KEY (`manufacturer_id`);

--
-- Indexes for table `payments`
--
ALTER TABLE `payments`
  ADD PRIMARY KEY (`payment_id`);

--
-- Indexes for table `pending_orders`
--
ALTER TABLE `pending_orders`
  ADD PRIMARY KEY (`order_id`);

--
-- Indexes for table `products`
--
ALTER TABLE `products`
  ADD PRIMARY KEY (`product_id`);

--
-- Indexes for table `product_categories`
--
ALTER TABLE `product_categories`
  ADD PRIMARY KEY (`p_cat_id`);

--
-- Indexes for table `reviews`
--
ALTER TABLE `reviews`
  ADD PRIMARY KEY (`id`);

--
-- Indexes for table `store`
--
ALTER TABLE `store`
  ADD PRIMARY KEY (`feedback_id`);

--
-- Indexes for table `terms`
--
ALTER TABLE `terms`
  ADD PRIMARY KEY (`term_id`);

--
-- Indexes for table `wishlist`
--
ALTER TABLE `wishlist`
  ADD PRIMARY KEY (`wishlist_id`);

--
-- AUTO_INCREMENT for dumped tables
--

--
-- AUTO_INCREMENT for table `about_us`
--
ALTER TABLE `about_us`
  MODIFY `about_id` int(10) NOT NULL AUTO_INCREMENT, AUTO_INCREMENT=2;

--
-- AUTO_INCREMENT for table `admins`
--
ALTER TABLE `admins`
  MODIFY `admin_id` int(10) NOT NULL AUTO_INCREMENT, AUTO_INCREMENT=5;

--
-- AUTO_INCREMENT for table `bundle_product_relation`
--
ALTER TABLE `bundle_product_relation`
  MODIFY `rel_id` int(10) NOT NULL AUTO_INCREMENT, AUTO_INCREMENT=11;

--
-- AUTO_INCREMENT for table `categories`
--
ALTER TABLE `categories`
  MODIFY `cat_id` int(10) NOT NULL AUTO_INCREMENT, AUTO_INCREMENT=6;

--
-- AUTO_INCREMENT for table `contact_us`
--
ALTER TABLE `contact_us`
  MODIFY `contact_id` int(10) NOT NULL AUTO_INCREMENT, AUTO_INCREMENT=2;

--
-- AUTO_INCREMENT for table `coupons`
--
ALTER TABLE `coupons`
  MODIFY `coupon_id` int(10) NOT NULL AUTO_INCREMENT, AUTO_INCREMENT=4;

--
-- AUTO_INCREMENT for table `customers`
--
ALTER TABLE `customers`
  MODIFY `customer_id` int(10) NOT NULL AUTO_INCREMENT, AUTO_INCREMENT=25;

--
-- AUTO_INCREMENT for table `customer_orders`
--
ALTER TABLE `customer_orders`
  MODIFY `order_id` int(10) NOT NULL AUTO_INCREMENT, AUTO_INCREMENT=44;

--
-- AUTO_INCREMENT for table `enquiry_types`
--
ALTER TABLE `enquiry_types`
  MODIFY `enquiry_id` int(10) NOT NULL AUTO_INCREMENT, AUTO_INCREMENT=4;

--
-- AUTO_INCREMENT for table `manufacturers`
--
ALTER TABLE `manufacturers`
  MODIFY `manufacturer_id` int(10) NOT NULL AUTO_INCREMENT, AUTO_INCREMENT=7;

--
-- AUTO_INCREMENT for table `payments`
--
ALTER TABLE `payments`
  MODIFY `payment_id` int(10) NOT NULL AUTO_INCREMENT, AUTO_INCREMENT=12;

--
-- AUTO_INCREMENT for table `pending_orders`
--
ALTER TABLE `pending_orders`
  MODIFY `order_id` int(10) NOT NULL AUTO_INCREMENT, AUTO_INCREMENT=44;

--
-- AUTO_INCREMENT for table `products`
--
ALTER TABLE `products`
  MODIFY `product_id` int(10) NOT NULL AUTO_INCREMENT, AUTO_INCREMENT=25;

--
-- AUTO_INCREMENT for table `product_categories`
--
ALTER TABLE `product_categories`
  MODIFY `p_cat_id` int(10) NOT NULL AUTO_INCREMENT, AUTO_INCREMENT=9;

--
-- AUTO_INCREMENT for table `reviews`
--
ALTER TABLE `reviews`
  MODIFY `id` int(11) NOT NULL AUTO_INCREMENT, AUTO_INCREMENT=16;

--
-- AUTO_INCREMENT for table `store`
--
ALTER TABLE `store`
  MODIFY `feedback_id` int(10) NOT NULL AUTO_INCREMENT, AUTO_INCREMENT=10;

--
-- AUTO_INCREMENT for table `terms`
--
ALTER TABLE `terms`
  MODIFY `term_id` int(10) NOT NULL AUTO_INCREMENT, AUTO_INCREMENT=4;

--
-- AUTO_INCREMENT for table `wishlist`
--
ALTER TABLE `wishlist`
  MODIFY `wishlist_id` int(10) NOT NULL AUTO_INCREMENT, AUTO_INCREMENT=3;
COMMIT;

/*!40101 SET CHARACTER_SET_CLIENT=@OLD_CHARACTER_SET_CLIENT */;
/*!40101 SET CHARACTER_SET_RESULTS=@OLD_CHARACTER_SET_RESULTS */;
/*!40101 SET COLLATION_CONNECTION=@OLD_COLLATION_CONNECTION */;
